WORDCOUNTS,WEIGHT
the,824
of,448
and,356
usepackage,330
in,304
to,268
protest,148
a,133
for,125
political,107
zapatista,106
that,102
as,97
renewcommand,90
by,82
this,76
activity,75
movement,74
on,73
were,68
national,63
is,63
demands,62
cyr,60
document,60
events,59
their,53
local,53
with,53
was,51
from,50
these,49
have,49
more,48
not,47
or,44
be,43
protests,42
s,42
electoral,41
zapatistas,40
an,38
chiapas,38
opportunities,38
de,36
social,36
at,33
state,32
prd,32
end,32
system,31
are,31
declaretextfontcommand,30
encodingdefault,30
selectfont,30
empty,30
textcyr,30
mathrsfs,30
wncyss,30
portland,30
landscape,30
rmdefault,30
fontenc,30
xspace,30
bm,30
normalfont,30
stmaryrd,30
pifont,30
amsbsy,30
sfdefault,30
amsmath,30
amsxtra,30
newcommand,30
aastex,30
textcomp,30
begin,30
amsfonts,30
declaremathsizes,30
wncyr,30
documentclass,30
amssymb,30
pagestyle,30
because,29
during,29
its,28
presence,28
pri,28
other,27
ezln,27
but,27
government,26
between,26
it,25
when,25
study,24
openings,24
mexican,23
military,23
closed,23
data,23
cycle,23
only,23
within,22
p,22
indigenous,22
organizations,22
they,21
one,21
after,21
economic,21
time,21
thus,20
talks,20
mobilization,20
year,20
elections,20
which,20
years,20
san,19
region,19
would,19
peace,19
support,18
had,18
while,18
localities,17
case,17
event,17
repression,17
model,17
number,17
mexico,17
variable,17
increased,17
i,16
such,16
democratic,16
rule,16
protesters,16
municipio,16
results,16
movements,16
level,16
per,15
uprising,15
first,15
et,15
also,15
al,15
given,15
than,14
rights,14
autonomy,14
open,14
relative,14
relationship,14
effects,14
specific,14
should,14
openness,13
conditions,13
decreased,13
factors,13
used,13
will,13
can,13
accords,12
mathrm,12
allies,12
all,12
has,12
however,12
well,12
party,12
did,12
became,12
if,11
sympathizers,11
capacity,11
municipios,11
fractionalization,11
networks,11
literature,11
newspaper,11
repressive,11
larger,11
where,11
la,11
considered,11
over,11
information,11
andrés,11
land,11
groups,10
interests,10
might,10
no,10
across,10
could,10
actors,10
governments,10
up,10
tilly,10
same,10
power,10
scholars,10
took,10
increase,10
significant,10
period,10
analysis,10
table,10
preexisting,10
reported,10
institutional,10
measures,9
likely,9
parties,9
available,9
mobilizing,9
alignments,9
how,9
curvilinear,9
changes,9
population,9
future,9
two,9
especially,9
been,9
nacional,9
following,9
each,9
measure,9
among,9
federal,8
into,8
levels,8
environments,8
opportunity,8
most,8
municipalities,8
international,8
public,8
place,8
therefore,8
demand,8
included,8
efforts,8
variation,8
army,8
resonance,8
las,8
both,8
recognition,8
strong,8
hypothesis,8
appear,7
identify,7
source,7
sources,7
resources,7
casas,7
communities,7
recognized,7
peasant,7
occurred,7
democratization,7
presented,7
cristóbal,7
members,7
collier,7
finally,7
newspapers,7
effect,7
kitschelt,7
different,7
deprivation,7
grievances,7
cause,7
lagged,7
concessions,7
snow,7
frame,7
occur,7
does,6
studies,6
being,6
every,6
those,6
jenkins,6
overdispersion,6
controlled,6
against,6
expected,6
cases,6
eisinger,6
developed,6
means,6
lacandon,6
proved,6
leyva,6
structures,6
approach,6
using,6
periods,6
second,6
action,6
transnational,6
bill,6
locality,6
regional,6
again,6
assess,6
cloward,6
elite,6
use,6
congress,6
variables,6
previous,6
held,6
general,6
negative,6
independent,6
five,6
kriesi,6
control,6
better,6
theory,6
role,6
representation,6
decrease,6
include,6
piven,6
represent,5
jungle,5
taken,5
emerged,5
argue,5
marches,5
issue,5
autonomous,5
bias,5
right,5
some,5
possible,5
media,5
meyer,5
fig,5
y,5
higher,5
rather,5
almeida,5
stop,5
organization,5
established,5
peasants,5
section,5
rasler,5
resource,5
helped,5
suggested,5
appears,5
jornada,5
part,5
civil,5
people,5
pan,5
won,5
alliance,5
count,5
change,5
suggest,5
framing,5
positive,5
sectional,5
yet,5
coverage,5
checkpoints,5
areas,5
likelihood,5
present,5
meetings,5
made,5
processes,5
continue,5
three,5
become,5
accordingly,5
structure,5
lost,5
began,5
here,5
according,5
stability,5
accounts,5
particular,5
scenarios,5
size,5
yearly,5
transition,5
finding,5
temporal,5
mccarthy,5
early,5
cross,5
tarrow,5
struggle,4
way,4
later,4
designed,4
authority,4
ascencio,4
consistent,4
highlighted,4
transitions,4
long,4
concentrated,4
nature,4
last,4
invasions,4
opened,4
winning,4
central,4
interest,4
bernal,4
channels,4
even,4
influence,4
competitive,4
once,4
hopes,4
without,4
organizing,4
basic,4
represented,4
earl,4
moreover,4
t,4
signed,4
n,4
juntas,4
threat,4
index,4
greater,4
agenda,4
found,4
strength,4
further,4
explain,4
gained,4
related,4
positions,4
actually,4
contentious,4
least,4
next,4
attention,4
dependent,4
led,4
coded,4
motivated,4
settings,4
selection,4
authoritarian,4
legorreta,4
ciepac,4
exposure,4
perceived,4
short,4
gobierno,4
experienced,4
pressure,4
existing,4
less,4
active,4
marcos,4
points,4
times,4
we,4
continued,4
figure,4
remaining,4
hope,4
types,4
claims,4
environment,4
then,4
version,4
incorporated,4
democracies,4
partido,4
set,4
incorporating,4
very,4
buen,4
inegi,4
procedural,4
what,4
studying,4
iee,4
targets,4
ruled,4
despite,4
shown,4
average,4
although,4
measured,4
elites,4
reached,4
vis,4
counts,4
democracy,3
mostly,3
enlace,3
created,3
revolutionary,3
expect,3
sympathetic,3
group,3
center,3
goldstone,3
total,3
confederación,3
emiliano,3
before,3
test,3
sit,3
diluted,3
attempts,3
address,3
hirales,3
advantage,3
great,3
take,3
harvey,3
zapata,3
linear,3
sought,3
march,3
representing,3
interviews,3
attract,3
since,3
due,3
analyzing,3
police,3
cress,3
ins,3
arena,3
underlying,3
contrary,3
response,3
http,3
repress,3
left,3
consequently,3
compensations,3
capitals,3
main,3
influential,3
responded,3
process,3
mattiace,3
inconsistently,3
coleta,3
contributions,3
dialogue,3
win,3
emergence,3
proposed,3
observations,3
four,3
passed,3
important,3
view,3
result,3
advance,3
confederation,3
based,3
location,3
sd,3
access,3
seven,3
initial,3
supporters,3
focused,3
war,3
cannot,3
opposition,3
having,3
already,3
claim,3
concept,3
mx,3
database,3
foja,3
good,3
responses,3
www,3
successful,3
small,3
several,3
endowed,3
simbad,3
generally,3
society,3
budget,3
seats,3
reduced,3
launch,3
higgins,3
hold,3
fighting,3
percentage,3
relied,3
housing,3
meanwhile,3
array,3
pesos,3
collective,3
reports,3
roadblocks,3
stated,3
towns,3
addition,3
many,3
headquarters,3
outside,3
lack,3
instituto,3
new,3
priísta,3
pattern,3
discussed,3
honor,3
enough,3
hand,3
interview,3
threats,3
remained,3
demonstrated,3
own,3
aggregated,3
ruling,3
encouraged,3
hypotheses,3
factor,3
nevertheless,3
negotiating,3
nongovernmental,3
agreement,3
statistically,3
collected,3
never,3
promote,3
tactics,3
analyze,3
summarized,3
decision,3
unstable,3
declaration,3
provide,3
subcomandante,3
force,3
education,3
gathered,3
stable,3
stephen,3
magnitude,3
león,3
peoples,3
organizational,3
themselves,3
rely,3
rural,3
february,3
transfers,3
them,3
whether,3
ones,3
institute,3
suggests,3
popular,3
through,3
city,3
ife,3
intended,3
resistance,3
allows,3
goals,3
varied,3
our,3
analysts,3
models,3
offer,3
states,3
pluralistic,3
salience,3
needs,3
offered,3
potential,3
assumed,3
velasco,3
little,3
mcadam,3
major,3
looking,3
resolve,2
difficult,2
o,2
personnel,2
determine,2
e,2
distributed,2
becoming,2
large,2
needed,2
chi,2
kinds,2
noteworthy,2
true,2
pressing,2
allow,2
policy,2
fixed,2
explanatory,2
history,2
encourage,2
hellman,2
freese,2
landowners,2
women,2
either,2
explaining,2
marco,2
hence,2
tiempo,2
promoting,2
worked,2
liberty,2
seizures,2
potentially,2
service,2
substantive,2
there,2
respond,2
precisely,2
return,2
stopped,2
el,2
triggered,2
realignments,2
sophisticated,2
campesinos,2
account,2
prior,2
capable,2
election,2
october,2
internet,2
combination,2
minimum,2
engage,2
expanded,2
conflict,2
della,2
estrada,2
development,2
cott,2
run,2
illustrates,2
health,2
occurs,2
unwillingness,2
transitional,2
sustain,2
candidates,2
theorists,2
compared,2
ally,2
effective,2
schulz,2
find,2
like,2
communication,2
insurgent,2
benford,2
poorly,2
promised,2
van,2
failed,2
identification,2
variance,2
aguascalientes,2
frente,2
remote,2
mean,2
vicente,2
risk,2
à,2
se,2
kurzman,2
mobilize,2
congressional,2
front,2
affect,2
locally,2
zald,2
days,2
numbers,2
impact,2
weak,2
advancing,2
show,2
additional,2
ponce,2
drawing,2
constitution,2
conflicts,2
opening,2
compaz,2
yashar,2
appearance,2
called,2
lived,2
out,2
changed,2
perrow,2
accurately,2
applied,2
scale,2
fox,2
failure,2
sites,2
participation,2
acción,2
schmitter,2
work,2
translate,2
vote,2
framed,2
loveman,2
significantly,2
calls,2
wald,2
description,2
forces,2
legislation,2
employed,2
nor,2
president,2
polity,2
caracoles,2
massacre,2
bruhn,2
signing,2
moksnes,2
agnone,2
arise,2
correct,2
negligible,2
reliable,2
order,2
involved,2
consensus,2
concerns,2
comisión,2
research,2
binomial,2
example,2
waiting,2
activities,2
subsequently,2
snails,2
liberation,2
variety,2
agreed,2
identified,2
campesina,2
reduce,2
still,2
make,2
targeted,2
triggering,2
structural,2
single,2
push,2
noonan,2
differentiate,2
luke,2
culture,2
robust,2
noted,2
resolution,2
gain,2
resuming,2
toward,2
fragmentation,2
reporting,2
fact,2
shows,2
instability,2
sipaz,2
powerless,2
choice,2
antonio,2
channel,2
increases,2
unit,2
developing,2
armed,2
non,2
antiglobalization,2
necessary,2
jacobs,2
free,2
understanding,2
success,2
examples,2
explanation,2
clustered,2
findings,2
food,2
paz,2
assume,2
exhibited,2
engaged,2
exerted,2
theoretical,2
students,2
subsequent,2
dichotomous,2
dominated,2
quaratiello,2
workers,2
divisions,2
started,2
helpful,2
liberación,2
function,2
soule,2
municipal,2
constructing,2
examine,2
seeking,2
achieve,2
justice,2
cocopa,2
space,2
negotiations,2
note,2
drafted,2
employment,2
independence,2
dimensions,2
why,2
inspired,2
methods,2
expectations,2
composed,2
supporting,2
coordination,2
sympathy,2
any,2
series,2
mentioned,2
changing,2
circumstances,2
hypothesized,2
log,2
municipality,2
regime,2
minkoff,2
compensation,2
offers,2
defining,2
country,2
december,2
commission,2
seem,2
down,2
donnell,2
scenario,2
allied,2
particularly,2
sustaining,2
cities,2
enlarged,2
type,2
perredistas,2
pooled,2
larráinzar,2
terms,2
selected,2
making,2
mere,2
distribution,2
cardenista,2
parcels,2
almost,2
porta,2
socioeconomic,2
org,2
must,2
multiple,2
centro,2
inaugurated,2
controls,2
went,2
rationale,2
arguments,2
summarizes,2
ensuing,2
web,2
numerous,2
charge,2
protesting,2
instead,2
constructed,2
smaller,2
values,2
defined,2
seeks,2
area,2
francisco,2
vi,2
news,2
taking,2
organizaciones,2
einwohner,2
substantial,2
entire,2
observed,2
building,2
broader,2
amado,1
institutionalized,1
now,1
availability,1
negotiator,1
discourage,1
brysk,1
estimated,1
declared,1
concerned,1
garcía,1
indicated,1
meaning,1
responds,1
populous,1
immune,1
investigaciones,1
compensate,1
dictators,1
boycott,1
affected,1
uniones,1
intriguing,1
miguel,1
seizure,1
eliminated,1
alternation,1
spurred,1
introduction,1
federation,1
unevenly,1
conducted,1
denied,1
approved,1
renamed,1
units,1
solidarity,1
guerrilleros,1
approaches,1
inconsistent,1
grupos,1
additionally,1
ocosingo,1
comunitaria,1
filters,1
presents,1
tepeyac,1
holding,1
overdispersed,1
geografía,1
track,1
revision,1
fzln,1
contexts,1
arms,1
experience,1
anti,1
incomplete,1
coapilla,1
stressed,1
beneficial,1
undermine,1
transitioned,1
creation,1
nonexistent,1
acteal,1
allocations,1
introduce,1
rate,1
implications,1
feeling,1
attempt,1
refusal,1
generated,1
articulate,1
predictors,1
convert,1
official,1
troops,1
words,1
confirmed,1
dampening,1
internacionales,1
shaped,1
resumen,1
skills,1
leading,1
soaks,1
broken,1
lessen,1
suggesting,1
daily,1
estimation,1
momentum,1
invigorated,1
indeed,1
timing,1
fully,1
achievement,1
studied,1
able,1
incident,1
resonate,1
closer,1
resinf,1
launched,1
room,1
resulting,1
achieved,1
meantime,1
previously,1
emphasized,1
marine,1
similarly,1
staff,1
opposite,1
somewhat,1
signs,1
focus,1
context,1
uu,1
contents,1
depends,1
episodes,1
existence,1
mueller,1
servicios,1
key,1
king,1
bases,1
u,1
expenses,1
america,1
killed,1
design,1
accountability,1
politics,1
strand,1
reaching,1
reaction,1
solely,1
agrícolas,1
insight,1
interés,1
obvious,1
point,1
say,1
except,1
selecting,1
cornelius,1
redefining,1
along,1
correlation,1
formula,1
identifies,1
ejército,1
measurement,1
urging,1
collection,1
behavior,1
framework,1
succeed,1
exist,1
multilevel,1
human,1
goal,1
resonated,1
includes,1
análisis,1
review,1
surely,1
reverse,1
explained,1
weakened,1
realignment,1
past,1
inflation,1
initially,1
homogenous,1
realized,1
september,1
g,1
author,1
resume,1
gaining,1
forgotten,1
relatively,1
ability,1
mixed,1
decided,1
relations,1
honest,1
económicas,1
ocez,1
convention,1
employing,1
topic,1
unwilling,1
affairs,1
momentarily,1
attracting,1
turn,1
consejo,1
turned,1
inclinations,1
depend,1
refer,1
back,1
causing,1
competitiveness,1
highest,1
withdraw,1
six,1
served,1
suitable,1
applying,1
criterion,1
publications,1
alliances,1
weakening,1
warned,1
políticas,1
explore,1
men,1
deputies,1
look,1
vice,1
populares,1
details,1
foran,1
propositions,1
strengthening,1
messages,1
occasion,1
hidalgo,1
olzak,1
postelectoral,1
phases,1
lesser,1
incentives,1
steps,1
via,1
simultaneously,1
asserted,1
alleged,1
taagepera,1
town,1
whose,1
played,1
predicted,1
frustration,1
policing,1
bring,1
población,1
arising,1
declaring,1
johnston,1
untangling,1
goes,1
granted,1
probability,1
proportion,1
sellout,1
lasted,1
locations,1
importance,1
grew,1
certain,1
pressured,1
derived,1
direct,1
eisenstadt,1
parts,1
rus,1
serial,1
danger,1
margaritas,1
reforms,1
periodic,1
heteroscedasticity,1
asociación,1
wash,1
reason,1
understand,1
dominican,1
deliberations,1
facilitated,1
ensure,1
triangulating,1
consider,1
dichotomy,1
flexibility,1
statistical,1
benefits,1
repeated,1
diani,1
presumably,1
greenberg,1
director,1
constrain,1
differs,1
prevent,1
benefited,1
initiative,1
breakdowns,1
recovered,1
revolucionario,1
beyond,1
olivier,1
traitors,1
followed,1
modeled,1
votes,1
problems,1
method,1
willing,1
friars,1
hit,1
care,1
opinion,1
providing,1
differently,1
perceive,1
invading,1
empowers,1
aggrieved,1
union,1
whereas,1
arrived,1
problem,1
reconstrucción,1
whom,1
identifying,1
underrepresented,1
altamirano,1
intermediación,1
declined,1
conservative,1
entered,1
communiqués,1
begun,1
search,1
attack,1
cnop,1
treason,1
cleavages,1
pfcrn,1
conai,1
pass,1
flirted,1
captured,1
approximation,1
base,1
late,1
creating,1
density,1
unions,1
pro,1
equally,1
neighboring,1
cultural,1
bryk,1
mainly,1
mcphail,1
nationally,1
agreements,1
afforded,1
tools,1
recently,1
moore,1
persons,1
fulfill,1
promise,1
suffered,1
biases,1
handled,1
your,1
possibility,1
eliminate,1
rucht,1
network,1
basis,1
kelly,1
escobar,1
drawn,1
received,1
responding,1
start,1
del,1
betrayed,1
goldstein,1
prominent,1
brought,1
purpose,1
explains,1
confined,1
criticized,1
surprise,1
cracking,1
outpouring,1
describe,1
fit,1
consistently,1
refined,1
policies,1
icon,1
reduces,1
inspire,1
constitute,1
asserts,1
statistics,1
belligerent,1
believes,1
systematic,1
achieving,1
showing,1
resort,1
transmit,1
weeks,1
errors,1
launching,1
institucional,1
implicitly,1
running,1
ciach,1
información,1
fearing,1
punctuated,1
pluralism,1
cioac,1
hard,1
working,1
diminish,1
lowest,1
aroused,1
buildings,1
revolution,1
independiente,1
democrática,1
villagers,1
contrast,1
incipient,1
crossed,1
checkpoint,1
discourse,1
sponsors,1
hedecker,1
specifically,1
around,1
teams,1
sufficient,1
june,1
highly,1
choose,1
grow,1
solidarios,1
observe,1
peak,1
met,1
decline,1
protect,1
tended,1
impossible,1
always,1
fiasco,1
annual,1
articulation,1
inability,1
concordia,1
progress,1
mobilizations,1
mccall,1
melel,1
inverted,1
structured,1
appropriate,1
newly,1
gross,1
displaced,1
organización,1
corporatist,1
avoid,1
frontera,1
garnered,1
happen,1
intermediation,1
insurgency,1
catalysts,1
situation,1
unquestionable,1
textsf,1
gather,1
logically,1
giving,1
criticize,1
constituents,1
synthesis,1
comparative,1
receptive,1
impose,1
exception,1
poor,1
april,1
prove,1
community,1
reconstruction,1
pacification,1
interactions,1
standing,1
relaxed,1
rebellions,1
strategic,1
tends,1
conventional,1
resilient,1
para,1
about,1
mexicanos,1
evenly,1
violate,1
ineffective,1
competition,1
violence,1
fair,1
precondition,1
examined,1
represents,1
makes,1
rules,1
marginal,1
aubry,1
thought,1
soon,1
under,1
formally,1
reconciliation,1
ancient,1
prisoners,1
victories,1
informal,1
light,1
castells,1
performed,1
incompetent,1
indian,1
expressed,1
organize,1
insights,1
unconstitutionality,1
altos,1
sector,1
useful,1
leader,1
fire,1
majority,1
genocidal,1
law,1
fell,1
renewed,1
hernández,1
dictatorship,1
ask,1
overthrown,1
financial,1
smith,1
insurgents,1
herbert,1
incorporates,1
xojobal,1
turnabout,1
valid,1
datos,1
avendaño,1
villa,1
call,1
danzinger,1
credits,1
appeared,1
demonstrations,1
predominated,1
children,1
upped,1
fashion,1
snyder,1
zero,1
external,1
informativo,1
forms,1
communiqué,1
conclusions,1
fits,1
do,1
ground,1
clusters,1
operating,1
ugalde,1
innovative,1
continuing,1
purposes,1
relevant,1
jobs,1
apply,1
see,1
council,1
material,1
por,1
disparity,1
agencies,1
tiny,1
frequency,1
streets,1
revenues,1
going,1
day,1
thoroughly,1
fight,1
clique,1
fractionalize,1
compose,1
recognizing,1
analyzed,1
interrelated,1
meaningful,1
campaigns,1
survive,1
considering,1
observable,1
craig,1
koopmans,1
helps,1
including,1
arose,1
procedure,1
viqueira,1
discrediting,1
versa,1
complexities,1
identity,1
controlling,1
entirely,1
unfortunately,1
estatal,1
confrontational,1
assumption,1
refers,1
reforma,1
survey,1
distanced,1
ethnic,1
gamson,1
services,1
trust,1
check,1
pacificación,1
option,1
office,1
ratified,1
theories,1
impasse,1
dummy,1
unión,1
described,1
informática,1
inversely,1
low,1
significance,1
clear,1
authors,1
publication,1
shugart,1
august,1
nagin,1
democratizing,1
spread,1
so,1
high,1
estadística,1
distinction,1
obtained,1
stages,1
lie,1
accurate,1
earlier,1
standard,1
lose,1
brockett,1
trabajadores,1
generating,1
exchange,1
gets,1
mayors,1
comparing,1
behind,1
outcomes,1
systems,1
incapable,1
often,1
assessing,1
respectively,1
topics,1
sentiments,1
organizers,1
enjoyed,1
january,1
conapo,1
deciphered,1
claiming,1
differ,1
looked,1
attracted,1
figures,1
geography,1
institution,1
attend,1
joint,1
positioning,1
redirected,1
controversial,1
councils,1
regimes,1
sole,1
encompassing,1
product,1
increasing,1
foweraker,1
ranging,1
consists,1
depressed,1
committed,1
loaeza,1
me,1
chances,1
mixture,1
guerrillas,1
crucial,1
raudenbush,1
sikkink,1
maps,1
claimed,1
inside,1
fewer,1
triangulated,1
widespread,1
resumed,1
undeclared,1
who,1
transformed,1
team,1
fransozi,1
ruz,1
salaries,1
los,1
fulfilling,1
recognize,1
executive,1
guadalupe,1
discredit,1
countries,1
frames,1
emphasizes,1
institutionally,1
totaled,1
hierarchical,1
cease,1
electorally,1
fall,1
chamber,1
endure,1
resurgent,1
strategically,1
remains,1
articles,1
combines,1
investigate,1
blurred,1
forest,1
freeing,1
sponge,1
concord,1
goldberg,1
wages,1
presidency,1
share,1
rarely,1
constant,1
protracted,1
conclusion,1
keck,1
founded,1
extending,1
demonstrate,1
agents,1
extensive,1
geographic,1
continues,1
characteristics,1
theme,1
known,1
dissident,1
guerrilla,1
quantitative,1
membership,1
invade,1
originators,1
obreros,1
modeling,1
cover,1
legislature,1
outcome,1
alvarez,1
monthly,1
halt,1
publicly,1
revolución,1
global,1
exploration,1
believe,1
capital,1
leaders,1
half,1
southernmost,1
assignments,1
domestic,1
followers,1
exploiting,1
ixtapa,1
wealthier,1
gob,1
build,1
differed,1
zdravomyslova,1
allocation,1
hostilities,1
just,1
inspires,1
places,1
form,1
agricultural,1
erupted,1
ceased,1
temporally,1
katzenstein,1
occasions,1
cnc,1
create,1
vehicle,1
require,1
culled,1
emblematic,1
urban,1
categories,1
bob,1
bodies,1
dialogues,1
barron,1
introduced,1
subsidies,1
prevalent,1
activated,1
press,1
mexicanas,1
censuses,1
subject,1
withdrawal,1
undermining,1
territory,1
archived,1
contribute,1
operate,1
colectivo,1
stevenson,1
phenomenon,1
maintained,1
aspect,1
sistema,1
think,1
come,1
named,1
until,1
specializing,1
spacing,1
argument,1
unable,1
resignations,1
difference,1
electronic,1
aric,1
coordinadora,1
sigma,1
define,1
need,1
levy,1
off,1
promptly,1
recalling,1
association,1
campaign,1
ranged,1
roughly,1
agrarian,1
sides,1
mobilized,1
best,1
withdrew,1
third,1
plethora,1
khawaja,1
defunct,1
consisted,1
promising,1
uncertainty,1
maximum,1
interaction,1
develop,1
divergent,1
abandoned,1
much,1
ctm,1
built,1
perception,1
